"Status","Start Time","Stop Time","Duration in ms","Parent Suite","Suite","Sub Suite","Test Class","Test Method","Name","Description"
"passed","Sat Feb 15 16:19:59 CST 2020","Sat Feb 15 16:20:00 CST 2020","151","call_port","test_pytest","Testclass","","","test4",""
"passed","Sat Feb 15 16:20:00 CST 2020","Sat Feb 15 16:20:00 CST 2020","146","call_port","test_pytest","Testclass","","","test5",""
"broken","Sat Feb 15 16:19:59 CST 2020","Sat Feb 15 16:19:59 CST 2020","126","call_port","test_pytest","Testclass","","","test2",""
"passed","Sat Feb 15 16:20:00 CST 2020","Sat Feb 15 16:20:00 CST 2020","122","call_port","test_pytest","Testclass","","","test6",""
"broken","Sat Feb 15 16:19:59 CST 2020","Sat Feb 15 16:19:59 CST 2020","0","call_port","test_pytest","","","","test_two",""
"passed","Sat Feb 15 16:19:59 CST 2020","Sat Feb 15 16:19:59 CST 2020","134","call_port","test_pytest","Testclass","","","test3",""
"failed","Sat Feb 15 16:20:21 CST 2020","Sat Feb 15 16:20:21 CST 2020","1","wechat.case","test_01","TestLcation","","","test_02",""
"passed","Sat Feb 15 16:19:59 CST 2020","Sat Feb 15 16:19:59 CST 2020","155","call_port","test_pytest","Testclass","","","test1",""
"failed","Sat Feb 15 16:20:12 CST 2020","Sat Feb 15 16:20:21 CST 2020","9617","wechat.case","test_01","TestLcation","","","test_01",""
"broken","Sat Feb 15 16:19:59 CST 2020","Sat Feb 15 16:19:59 CST 2020","0","call_port","test_pytest","","","","test_three",""
"passed","Sat Feb 15 16:19:59 CST 2020","Sat Feb 15 16:19:59 CST 2020","0","call_port","test_pytest","","","","test_one",""
